time (s),altitude (ft),altitude_rate (ft/s),distance (m),drag (lbf),electric_power_in_total (kW),fuel_flow_rate_negative_total (lbm/h),mach (unitless),mach_rate (unitless/s),mass (kg),specific_energy_rate_excess (m/s),throttle (unitless),thrust_net_total (lbf),velocity (m/s)
0.0,0.0,8.333333333333336,1.0,17380.774229118975,0.0,-8916.489071879249,0.2,0.00013541666666666674,72473.08833435866,15.145793151119717,0.4876000579549153,24094.610808417507,68.05737270077049
160.16130859524847,1334.6775716270722,8.33333333333334,11458.100687894443,14637.915234293072,0.0,-7885.0980140152715,0.22168851053893995,0.00013541666666666688,72304.05766003452,16.46313567566413,0.4535837518527753,20775.417505093465,75.0907938870504
381.15122507126495,3176.2602089272095,8.333333333333336,29105.60182285223,12100.385929584181,0.0,-6947.423665103456,0.25161422839506714,0.0001354166666666667,72098.86349912632,17.671384114709426,0.4253202375446535,17606.791611897406,84.68111157286279
451.09377805542783,3759.114817128566,8.333333333333334,35131.053690153145,11508.306750813956,0.0,-6729.597864300301,0.2610856157783392,0.0001354166666666667,72038.47087513207,17.9463144597069,0.4195071536338604,16845.206763410333,87.68854069539462
451.09377805542783,3759.114817128566,8.333333333333334,35131.053690153145,11508.306750813956,0.0,-6729.597864300301,0.2610856157783392,0.0001354166666666667,72038.47087513207,17.9463144597069,0.4195071536338604,16845.206763410333,87.68854069539462
778.1886932561696,6484.905777134749,8.333333333333332,66081.48577384562,9616.277160625441,0.0,-6035.035187806823,0.30537971887843973,0.0001354166666666667,71776.47212801069,18.59975130755115,0.4080342774201346,14300.071986848805,101.57433671224166
1229.5129152167667,10245.94096013972,8.33333333333333,116145.54387653207,8422.967779728306,0.0,-5572.586132941689,0.36649654060227044,0.0001354166666666666,71449.15829036047,18.14553371218529,0.42366029923456733,12463.997554608406,120.24308113524813
1372.3554883571617,11436.295736309681,8.333333333333329,133731.83144574412,8237.112721110685,0.0,-5505.918256019209,0.38583980571503235,0.00013541666666666658,71349.18907899945,17.848089895130883,0.43300937755096414,12116.740125766317,126.03147997598322
1372.3554883571617,11436.295736309681,8.333333333333329,133731.83144574412,8237.112721110685,0.0,-5505.918256019209,0.38583980571503235,0.00013541666666666658,71349.18907899945,17.848089895130883,0.43300937755096414,12116.740125766317,126.03147997598322
1761.2389795364409,14676.99149613701,8.333333333333332,185754.66047663204,7988.361767653202,0.0,-5420.704439904848,0.4385011118122265,0.00013541666666666663,71081.88576749791,16.412351213564257,0.4728847228258319,11499.756807333964,141.49270970085894
2297.8188251206952,19148.490209339125,8.333333333333327,267231.5560158624,7946.126648032627,0.0,-5460.233681663061,0.5111629659017608,0.00013541666666666655,70715.0933528983,13.944626672296499,0.5470817109701761,11071.67543075803,162.0990338309868
2467.6445116428395,20563.704263690324,8.333333333333327,295296.88447358325,7941.014958294943,0.0,-5472.419062586291,0.5341601942849677,0.00013541666666666652,70597.7496620575,13.08213670327478,0.5744452614926902,10965.716792278097,168.44210711069562
2467.6445116428395,20563.704263690324,8.333333333333327,295296.88447358325,7941.014958294943,0.0,-5472.419062586291,0.5341601942849677,0.00013541666666666652,70597.7496620575,13.08213670327478,0.5744452614926902,10965.716792278097,168.44210711069562
2794.7394268435814,23289.495223696504,8.33333333333333,352354.107528433,7946.0114441044,0.0,-5507.5198945477405,0.5784542973850683,0.00013541666666666652,70371.54211810892,11.451767066478299,0.6302803989124014,10798.401634410679,180.41248453081275
3246.0636488041782,27050.530406701477,8.333333333333327,437399.47795722855,8036.128350572427,0.0,-5580.823990738106,0.6395711191088989,0.00013541666666666663,70056.40449107857,8.983542926764084,0.7251974231624291,10688.573567584,196.3874781476862
3388.906221944573,28240.885182871432,8.333333333333336,465802.16336695175,8065.672626185484,0.0,-5603.059032153898,0.6589143842216607,0.00013541666666666674,69955.70307604222,8.192068141763533,0.7587205469723596,10662.240364985893,201.3103653791
3388.906221944573,28240.885182871432,8.333333333333336,465802.16336695175,8065.672626185484,0.0,-5603.059032153898,0.6589143842216607,0.00013541666666666674,69955.70307604222,8.192068141763533,0.7587205469723596,10662.240364985893,201.3103653791
3549.0675305398217,29575.562754498507,8.333333333333332,498478.68902790896,8098.028721688731,0.0,-5628.980845653782,0.6806028947606007,0.00013541666666666652,69842.3779368275,7.257748844259653,0.8002804766751387,10635.552066098708,206.75274127059586
3770.0574470158376,31417.14539179864,8.33333333333334,544983.2855120711,8138.079883483573,0.0,-5670.66535386011,0.710528612616728,0.00013541666666666674,69685.07870980502,6.093269393195305,0.8564084200589592,10599.764055317311,214.1271070526247
3840.000000000001,32000.0,8.333333333333332,560039.4063896083,8153.083730496512,0.0,-5684.742579277272,0.72,0.00013541666666666674,69635.04140120375,5.727741829008417,0.8749790908790255,10592.010207881476,216.42809923352345
3840.000000000001,32000.0,0.19665683382498114,560039.4063896083,8153.083730496512,0.0,-4509.858147506984,0.72,0.0,69635.04140120375,5.727741829008417,0.6904904273420698,8195.601694236737,216.42809923352345
4264.17721573273,32083.417348226692,0.19665683382497828,651826.4525760333,8126.469110589369,0.0,-4493.406640929424,0.7200000000000002,8.73331779449484e-20,69394.44990022952,5.717574705216187,0.6908269370937811,8168.855704991008,216.34879352671084
4849.455197649679,32198.516263057947,0.19665683382497828,778418.5997293376,8089.890866153945,0.0,-4470.772819258742,0.72,4.36665889724742e-20,69063.92410727372,5.7031381321100785,0.6913067669542696,8132.096929440044,216.23932112574042
5034.693677818673,32234.94467607054,0.19665683382497542,818471.2313888316,8078.348782304538,0.0,-4463.625133817911,0.7200000000000001,0.0,68959.66123430381,5.698469887394897,0.6914624121030813,8120.4978845667965,216.2046621886785
5034.693677818673,32234.94467607054,0.19665683382497542,818471.2313888316,8078.348782304538,0.0,-4463.625133817911,0.7200000000000001,0.0,68959.66123430381,5.698469887394897,0.6914624121030813,8120.4978845667965,216.2046621886785
5900.984117295637,32405.306611070922,0.1966568338249747,1005697.0262375271,8024.592829723421,0.0,-4430.298893119429,0.72,3.274994172935565e-20,68474.27345762259,5.675999737650712,0.6922147850235665,8066.476670177522,216.0425032260492
7096.288111394406,32640.371310008733,0.19665683382497542,1263799.6665364134,7951.0207298572495,0.0,-4384.586911726237,0.7200000000000001,2.18332944862371e-20,67810.49107633994,5.6432459868698075,0.6933204620043617,7992.541591828109,215.81856126335057
7474.59773869592,32714.768483519354,0.19665683382497398,1345432.487937094,7927.88027326286,0.0,-4370.184471501386,0.7200000000000001,0.0,67601.83780276353,5.632451031059052,0.6936870836587846,7969.286982747222,215.74763702220866
7474.59773869592,32714.768483519354,0.19665683382497398,1345432.487937094,7927.88027326286,0.0,-4370.184471501386,0.7200000000000001,0.0,67601.83780276353,5.632451031059052,0.6936870836587846,7969.286982747222,215.74763702220866
8504.531359866043,32917.31196850857,0.19665683382497398,1567538.7452005432,7865.233873747665,0.0,-4331.132464191847,0.7200000000000002,-4.36665889724742e-20,67037.25770995702,5.602002832578129,0.6947267943509159,7906.3315764677845,215.55443277847962
9925.62954465559,33196.78063808369,0.19665683382497398,1873673.1669492465,7779.638417015094,0.0,-4277.624940742649,0.72,-6.54998834587113e-20,66266.54214518177,5.557409296198178,0.6962637063557295,7820.313983881935,215.28757184951039
10375.402261304082,33285.23151648064,0.19665683382497398,1970484.631298159,7752.749114146085,0.0,-4260.779227576035,0.7200000000000001,-4.36665889724742e-20,66024.60487603521,5.542665295846433,0.6967753318657232,7793.292093996965,215.20304382561088
10375.402261304082,33285.23151648064,0.19665683382497398,1970484.631298159,7752.749114146085,0.0,-4260.779227576035,0.7200000000000001,-4.36665889724742e-20,66024.60487603521,5.542665295846433,0.6967753318657232,7793.292093996965,215.20304382561088
11241.692700781046,33455.59345148103,0.19665683382497434,2156842.413763653,7701.230432927851,0.0,-4228.453094151664,0.7200000000000001,-4.9124912594033475e-20,65561.30322456565,5.513401640267952,0.697795705694269,7741.519415124437,215.04014594527848
12436.996694879814,33690.658150418836,0.19665683382497542,2413746.32168934,7630.732182307138,0.0,-4184.106933339122,0.72,-2.18332944862371e-20,64927.81692945971,5.471126531836923,0.6992809571586018,7670.673656866031,214.81518167649787
12815.306322181328,33765.05532392946,0.19665683382498114,2494999.4935998996,7608.561428999072,0.0,-4170.133310210309,0.7199999999999999,8.73331779449484e-20,64728.7095491655,5.457282148397973,0.6997701532193046,7648.393630472408,214.74393321216584
12815.306322181328,33765.05532392946,0.19665683382498114,2494999.4935998996,7608.561428999072,0.0,-4170.133310210309,0.7199999999999999,8.73331779449484e-20,64728.7095491655,5.457282148397973,0.6997701532193046,7648.393630472408,214.74393321216584
13239.483537914057,33848.47267215615,0.19665683382497828,2586072.025832541,7583.783589574933,0.0,-4154.500625025956,0.72,-8.73331779449484e-20,64506.2528932494,5.441490763386306,0.7003298023518922,7623.493675203178,214.6640188151451
13824.761519831005,33963.57158698741,0.19665683382497542,2711677.865364519,7549.7357062847395,0.0,-4132.991494157929,0.72,0.0,64200.677806820226,5.419232429817011,0.701121599370288,7589.278000049003,214.55370543704706
14010.0,34000.0,0.19665683382498114,2751418.2314486452,7538.993590947665,0.0,-4126.198565126783,0.72,1.746663558898968e-19,64104.29449301218,5.412073605377601,0.7013769888238155,7578.482948719583,214.5187800652524
14010.0,34000.0,-7.364343597957757,2751418.2314486452,7538.993590947665,0.0,-3256.5311686446676,0.72,-7.91392147840234e-05,64104.29449301218,5.412073605377601,0.5440176658316775,5720.406992631856,214.5187800652524
14199.730498612878,32602.759417202917,-7.364343597957751,2791817.411850447,7532.180683063614,0.0,-3257.9819609234078,0.7049848773191956,-7.91392147840234e-05,64026.42933933064,6.444111825213147,0.5117887138393854,5691.5660329839175,211.35290812525812
14461.519862156185,30674.85259377933,-7.364343597957763,2846561.4405196756,7533.106074348927,0.0,-3261.344781775083,0.684267072649569,-7.913921478402351e-05,63918.913990982444,7.8155072087822655,0.4736022279123744,5660.339751732644,206.8806790554273
14544.375300640886,30064.676675818537,-7.36434359795777,2863642.021552732,7537.123327991502,0.0,-3262.8750422929825,0.6777099583073037,-7.91392147840237e-05,63884.859690276324,8.231346034620067,0.4629672883473427,5653.731916246757,205.44035420521385
14544.375300640886,30064.676675818537,-7.36434359795777,2863642.021552732,7537.123327991502,0.0,-3262.8750422929825,0.6777099583073037,-7.91392147840237e-05,63884.859690276324,8.231346034620067,0.4629672883473427,5653.731916246757,205.44035420521385
14931.85890638245,27211.11426456206,-7.3643435979577605,2941914.8203752222,7555.100864120766,0.0,-3287.4127352157607,0.6470448100072341,-7.91392147840236e-05,63724.917426316446,10.521898048330215,0.411842904437553,5618.927725841732,198.54796476942104
15466.507195783315,23273.780557353733,-7.3643435979577605,3045428.931715484,7575.532299884371,0.0,-3303.9905831242254,0.6047331641984284,-7.91392147840237e-05,63502.79148212309,13.757666935129736,0.3533824353930157,5557.096688534881,188.62062791374956
15635.721551377546,22027.62790105081,-7.364343597957763,3077070.292249637,7576.1740410243265,0.0,-3307.9810990605383,0.5913416729665163,-7.913921478402375e-05,63432.33325547562,14.843294696967899,0.3365398240095983,5529.09755180909,185.3797590457909
15635.721551377546,22027.62790105081,-7.364343597957763,3077070.292249637,7576.1740410243265,0.0,-3307.9810990605383,0.5913416729665163,-7.913921478402375e-05,63432.33325547562,14.843294696967899,0.3365398240095983,5529.09755180909,185.3797590457909
16096.40122071156,18635.024527481582,-7.364343597957767,3160390.8390545687,7560.550097647103,0.0,-3303.983339978187,0.5548838456684589,-7.91392147840238e-05,63240.3815626631,17.868635035454783,0.2949181777758809,5428.1244183539775,176.320345659419
16732.045138342128,13953.924312098105,-7.364343597957765,3268342.7519754064,7529.622053527426,0.0,-3279.095440724149,0.5045794851449348,-7.913921478402385e-05,62976.61295192778,22.253304348023406,0.2463656898973128,5258.232741226315,163.2633028938937
16933.224264959706,12472.372098949196,-7.3643435979577685,3300756.6399697745,7503.392964501394,0.0,-3261.1744986637277,0.4886583270334839,-7.913921478402389e-05,62893.648362699234,23.747666866888324,0.23058385668455597,5181.835353165713,158.998851738275
16933.224264959706,12472.372098949196,-7.3643435979577685,3300756.6399697745,7503.392964501394,0.0,-3261.1744986637277,0.4886583270334839,-7.913921478402389e-05,62893.648362699234,23.747666866888324,0.23058385668455597,5181.835353165713,158.998851738275
17320.70787070127,9618.809687692725,-7.364343597957767,3360741.8164680153,7429.697634747458,0.0,-3201.2155006092466,0.4579931787334144,-7.913921478402388e-05,62735.78989732825,26.465870759726176,0.20334477660661995,5001.336626622983,150.6098186194414
17855.356160102136,5681.475980484389,-7.364343597957762,3438080.968188465,7260.983499715081,0.0,-3076.2343388512318,0.4156815329246083,-7.913921478402375e-05,62524.0760703126,30.44961856196782,0.1683635035936759,4658.533528553546,138.66141565826337
18024.570515696367,4435.323324181463,-7.364343597957762,3461214.382334488,7199.753342249083,0.0,-3023.6446483891327,0.4022900416926962,-7.913921478402364e-05,62459.01052371136,31.620377595643802,0.15860596136565275,4534.356878850659,134.79094549067395
18024.570515696367,4435.323324181463,-7.364343597957762,3461214.382334488,7199.753342249083,0.0,-3023.6446483891327,0.4022900416926962,-7.913921478402364e-05,62459.01052371136,31.620377595643802,0.15860596136565275,4534.356878850659,134.79094549067395
18214.301014309247,3038.0827413843745,-7.364343597957767,3486369.1266760835,7131.447046120552,0.0,-2967.430221550661,0.38727491901189176,-7.91392147840238e-05,62387.4126575316,32.99135202624917,0.14807172932807275,4390.163730113888,130.40117072492166
18476.09037785255,1110.1759179607957,-7.364343597957763,3519699.620070006,7050.863069976345,0.0,-2900.064993373403,0.36655711434226523,-7.91392147840237e-05,62290.675780672194,34.71059915685124,0.13517637922391385,4194.439198625153,124.257649356042
18558.945816337255,500.0,-7.3643435979577605,3529911.9999999995,7031.197159884813,0.0,-2888.9734506406294,0.36,-7.91392147840236e-05,62260.49969431877,35.23746456136119,0.13143166125999456,4135.52046348599,122.29253366343002
